X1,X2,X3,X4,X5,X6,Y1,Y2
1,63.008,60.735,52.482,45.474,48.495,0,1
0,38.417,52.756,66.68,45.059,0,1,0
0,58.163,61.107,30.678,49.188,0,1,0
0,57.762,67.167,37.176,64.204,0,1,1
1,25.93,44.696,58.801,48.079,21.823,0,1
1,12.795,0,23.694,38.638,0,0,1
0,48.535,42.327,34.07,26.97,0,1,1
0,69.7,50.44,63.585,44.997,0,1,0
0,29.164,60.725,46.317,83.622,0,1,1
1,31.709,43.984,57.357,85.948,0,1,0
0,55.132,52.509,36.728,54.606,0,1,1
1,57.592,26.911,39.842,69.203,29.097,0,1
0,42.495,78.255,67.18,62.221,37.952,0,1
1,59.646,41.159,86.299,32.172,0,1,1
1,0,30.114,21.739,26.787,0,1,1
1,46.303,38.736,22.04,60.579,0,0,1
1,42.495,12.053,72.12,51.888,0,1,1
1,67.504,69.261,25.298,27.67,0,1,1
1,38.799,31.789,33.691,20.869,54.556,0,1
0,72.391,58.263,57.365,63.175,0,1,0
1,77.478,28.201,21.95,8.01,29.097,0,1
0,47.631,50.995,89.414,75.546,0,0,1
0,66.922,65.464,28.431,79.782,0,1,1
0,45.144,46.64,28.132,44.566,0,0,1
0,43.862,52.353,64.823,78.929,0,1,1
1,24.643,76.953,32.397,97.057,0,1,1
0,61.089,0,73.806,47.044,22.971,0,1
1,66.815,47.823,50.052,37.842,0,1,1
0,36.912,63.431,46.759,64.758,0,1,1
1,24.643,49.971,22.191,37.953,0,1,0
0,26.179,16.675,29.264,12.788,36.371,0,1
1,58.163,38.092,32.901,62.799,0,1,1
0,95.479,71.236,66.948,73.505,100,0,1
0,55.686,61.109,54.845,62.689,0,0,0
1,38.978,53.177,34.676,35.608,35.388,0,1
1,78.89,62.446,59.319,53.478,100,0,1
0,55.566,52.551,33.607,23.121,12.47,0,1
1,67.525,43.785,41.721,86.42,72.742,0,1
1,79.191,32.167,20.569,31.808,13.639,0,1
1,48.862,36.38,45.775,16.284,93.525,0,1
1,34.564,40.468,47.982,52.935,0,1,1
1,63.114,68.004,90.506,69.414,100,0,1
1,42.436,55.448,67.601,49.083,0,1,1
0,45.688,4.463,50.895,47.401,0,1,0
0,43.35,41.5,53.099,59.96,0,1,1
0,62.565,65.287,33.875,21.201,96.989,0,1
0,47.732,73.705,71.956,77.092,0,1,1
0,33.135,51.082,100,98.309,0,1,0
0,66.266,48.769,31.762,50.346,87.29,0,1
0,55.132,50.084,44.632,100,0,1,1
0,11.417,62.56,30.96,87.141,0,1,0
1,47.753,23.655,30.362,26.848,58.193,0,1
0,74.995,55.777,32.779,58.875,0,1,0
1,80.558,40.452,93.128,71.492,31.175,0,1
0,98.247,56.239,39.204,56.691,0,1,0
1,37.704,45.223,26.067,51.373,15.775,0,0
0,31.843,60.679,28.47,48.548,0,1,0
1,57.342,2.943,28.21,46.407,25.674,0,1
0,48.65,71.499,86.119,48.977,0,1,0
0,53.522,60.263,30.36,61.521,19.839,0,1
0,47.342,63.948,79.099,73.107,0,1,1
0,39.164,44.347,42.609,23.057,0,1,1
0,73.039,100,47.349,67.97,0,1,0
1,75.653,35.443,86.268,71.021,100,0,1
1,52.396,48.823,59.442,38.617,100,0,1
0,49.342,47.045,24.318,27.305,0,0,1
0,57.592,51.873,57.573,50.522,71.05,0,1
1,10.463,54.286,55.064,52.41,79.355,0,1
1,67.09,49.487,50.989,48.155,0,1,1
1,52.522,50.55,26.357,41.311,77.021,0,1
0,76.022,64.19,39.336,50.293,0,0,1
0,56.627,44.531,33.41,64.953,46.763,0,1
1,64.868,58.654,73.574,46.18,0,1,0
1,23.932,49.006,59.928,63.092,0,1,0
1,57.653,52.261,47.417,38.273,0,0,0
1,52.242,10.618,19.024,79.581,43.645,0,1
0,52.639,70.468,66.569,65.859,0,1,1
0,36.808,61.224,41.98,26.178,0,1,0
0,48.1,66.628,42.609,79.057,0,0,1
0,48.092,84.678,38.799,97.129,0,1,1
1,12.55,41.273,77.27,17.718,27.278,0,1
1,19.666,41.088,61.212,69.423,14.548,0,1
1,58.798,16.835,60.893,42.814,0,1,1
0,44.928,58.598,26.541,40.347,13.226,0,1
0,51.807,68.026,56.961,48.631,0,1,1
0,32.407,64.379,62.482,43.38,0,1,1
1,83.599,6.846,44.512,24.905,51.347,0,1
1,58.358,48.633,54.055,37.262,0,1,0
0,75.776,40.977,76.821,38.774,0,1,1
1,88.02,63.046,67.251,33.519,0,1,1
0,36.202,40.854,50.469,33.437,58.193,0,1
1,70.425,60.017,45.453,45.253,0,1,0
0,28.529,78.698,27.595,100,0,0,0
1,65.627,28.392,34.027,38.277,24.247,0,1
0,65.76,0,22.386,32.591,100,0,1
1,32.804,13.168,68.983,21.402,58.193,0,0
1,32.407,71.267,46.552,42.142,39.677,0,1
1,38.204,57.581,66.864,67.957,0,1,0
1,63.66,61.82,40.641,38.247,100,0,1
0,61.131,51.189,24.558,96.487,0,0,1
0,60.269,57.526,50.297,89.253,0,1,1
0,38.125,51.143,46.626,100,33.573,0,1
1,54.994,51.815,57.284,34.994,0,0,0
0,77.086,67.894,66.068,56.496,36.371,0,1
1,40.305,41.245,48.221,31.662,0,0,0
0,0,1.982,40.282,55.589,0,1,1
0,78.255,57.991,47.917,50.098,0,1,0
0,69.985,54.827,100,22.347,0,1,0
0,31.843,17.89,50.261,18.854,0,0,0
0,81.43,57.728,70.66,100,0,1,1
0,47.495,37.45,47.963,45.988,24.247,0,1
1,51.628,61.615,53.813,62.863,0,1,1
0,12.198,57.156,100,31.621,0,1,0
1,51.445,52.18,73.185,50.673,0,1,1
0,73.85,46.428,54.356,60.267,0,1,1
1,65.75,23.882,70.045,53.391,31.175,0,1
0,73.725,62.785,31.742,52.223,0,1,1
1,39.846,51.886,39.716,29.788,0,0,0
1,70.236,58.722,99.892,85.903,54.556,0,1
0,38.171,56.491,48.705,49.454,29.097,0,1
1,23.374,47.466,49.867,52.842,0,0,1
1,51.445,66.624,88.298,78.043,0,1,1
1,44.505,49.188,53.795,62.549,27.278,0,1
1,79.191,51.782,47.963,48.548,0,1,0
1,40.899,26.584,23.027,18.146,0,1,0
1,33.135,28.76,42.534,22.225,0,1,1
0,19.535,51.901,61.208,56.579,18.185,0,0
0,71.874,69.243,62.548,44.232,99.193,0,1
1,65.75,52.424,52.828,76.865,0,1,1
0,80.617,39.376,77.219,25.362,0,1,1
0,55.686,66.737,45.417,55.364,0,1,1
0,53.777,55.742,40.049,63.489,0,1,1
1,50.801,66.055,51.087,57.387,39.677,0,1
0,42.414,45.191,47.724,33.819,29.097,0,1
0,51.062,41.293,51.181,49.728,54.556,0,1
1,44.074,44.158,71.138,61.137,33.573,0,0
0,68.12,71.737,100,100,36.371,0,1
0,86.425,66.998,73.298,95.589,0,1,1
1,42.271,49.002,40.483,32.663,25.674,0,0
1,71.817,46.287,26.811,76.348,58.193,0,0
1,51.345,40.768,48.929,56.191,18.976,0,1
0,37.516,54.97,43.68,48.181,0,1,1
0,39.617,47.383,66.432,48.297,0,1,0
1,47.981,36.176,63.026,55.809,24.247,0,0
1,46.191,45.458,100,58.952,0,1,1
1,37.391,48.927,58.597,53.075,33.573,0,0
1,74.995,78.131,56.772,60.854,0,1,0
0,61.59,65.393,50.095,93.626,0,1,0
0,71.406,32.274,60.153,32.417,72.742,0,0
1,56.075,60.808,39.359,33.011,31.175,0,1
1,64.202,59.598,45.317,57.278,0,1,1
0,75.503,55.722,23.836,28.922,100,0,1
1,77.668,0,22.015,16.721,0,0,0
1,70.275,56.991,30.433,60.323,33.573,0,1
1,30.039,37.458,59.071,63.373,0,1,1
1,46.732,34.692,40.215,21.982,0,0,1
1,19.225,36.27,50.593,35.19,0,1,1
1,52.396,45.616,28.399,32.293,67.146,0,1
0,28.529,53.796,41.051,64.935,36.371,0,1
0,74.826,58.51,100,61.05,0,0,1
0,42.495,27.096,33.658,31.58,43.645,0,1
0,24.729,74.084,17.883,62.305,0,1,1
1,42.934,39.672,24.229,40.093,0,1,0
0,16.61,50.732,32.227,3.48,0,1,0
0,41.193,50.241,37.923,48.769,87.29,0,1
1,65.659,50.174,37.12,43.312,0,0,1
0,44.277,26.343,58.217,55.614,0,0,0
0,0,39.187,10.448,8.688,0,1,1
1,43.848,58.931,63.882,77.977,0,1,1
1,74.249,50.698,67.752,55.217,36.371,0,1
1,60.868,62.255,44.065,45.5,100,0,1
1,42.934,43.192,20.705,35.806,29.097,0,1
1,57.8,78.631,43.405,44.41,25.674,0,1
0,15.272,28.114,51.464,47.123,0,0,1
0,24.411,13.908,33.809,100,0,0,0
1,54.295,57.736,38.186,60.437,58.193,0,1
1,59.561,37.558,61.245,20.814,0,1,0
1,79.527,26.508,29.98,34.87,58.193,0,1
1,46.034,52.209,100,54.047,51.347,0,1
1,80.076,61.686,78.199,58.634,0,1,0
0,34.765,23.57,23.563,42.394,0,1,0
1,55.132,17.266,44.222,25.361,21.823,0,1
0,59.772,67.807,45.137,70.248,0,1,1
0,43.35,49.904,90.909,32.677,0,1,0
0,50.122,49.276,33.349,30.093,81.835,0,0
1,71.665,57.596,69.486,26.133,58.193,0,1
0,45.781,44.342,51.553,100,0,1,1
1,72.391,62.014,30.755,41.347,0,1,0
1,36.1,45.187,53.646,20.605,0,1,0
0,52.522,85.275,21.646,32.196,72.742,0,1
0,64.09,63.941,30.38,52.409,80.824,0,1
1,49.814,46.795,27.966,46.747,39.677,0,1
0,43.749,77.494,48.417,77.366,0,1,0
1,30.713,48.478,63.627,31.986,0,1,0
1,64.453,65.665,21.877,33.307,0,1,0
1,44.584,23.605,12.496,45.501,0,0,1
1,51.632,75.042,48.442,49.788,0,1,1
0,39.675,51.782,47.963,48.548,0,1,0
1,44.584,67.049,66.011,51.481,0,1,1
1,57.653,72.937,38.24,35.493,0,1,1
1,40.145,8.297,32.183,36.274,14.548,0,0
1,51.445,56.265,46.985,100,0,1,1
0,56.211,4.742,28.176,38.252,41.567,0,1
1,61.548,1.045,32.539,52.542,30.1,0,1
0,49.857,59.47,42.568,51.276,0,1,1
0,68.193,20.059,43.988,78.989,0,1,1
1,38.978,50.177,45.338,58.244,0,1,0
1,63.818,65.153,23.096,46.426,0,1,1
0,69.395,55.808,55.074,54.763,0,1,1
0,69.98,61.359,47.403,45.452,0,1,1
1,74.826,0,41.805,39.843,0,1,1
1,54.612,61.423,41.584,42.956,62.35,0,1
1,23.303,44.917,27.719,49.803,27.278,0,1
1,51.445,32.852,18.849,33.844,0,1,1
0,22.871,56.353,61.251,65.989,0,1,1
0,53.389,48.652,76.899,42.114,0,1,1
1,64.461,72.402,46.68,37.613,0,1,0
0,75.776,44.48,62.194,59.648,0,1,1
1,66.957,44.043,45.31,68.167,99.193,0,1
0,24.6,29.897,55.042,32.121,0,1,0
0,37.713,60.064,35.272,80.489,45.942,0,1
1,56.075,48.982,41.593,51.141,27.278,0,1
0,22.142,9.383,52.442,31.878,0,1,0
1,0,73.572,30.096,56.436,24.247,0,1
1,58.093,57.944,81.445,48.208,96.989,0,0
0,74.809,43.876,65.363,27.896,0,1,0
0,15.646,13.851,40.042,46.72,51.347,0,1
0,20.442,58.977,61.116,54.622,67.146,0,1
1,59.772,57.171,29.158,53.072,27.278,0,1
1,78.173,36.93,45.507,37.194,0,1,1
1,39.723,39.529,51.922,53.303,27.278,0,1
1,45.337,40.977,52.656,30.11,0,1,1
1,43.917,0,52.213,25.654,0,1,1
0,49.553,64.907,53.808,96.56,0,0,0
0,52.522,55.129,45.419,50.937,33.573,0,1
1,57.614,17.232,37.705,38.76,58.193,0,1
1,42.436,33.622,61.223,29.307,0,1,0
0,35.084,69.6,87.832,44.586,0,1,1
0,70.849,49.895,66.666,52.891,48.495,0,1
1,32.203,63.077,39.807,64.743,0,1,0
1,49.857,18.517,17.366,13.747,0,0,1
1,85.272,59.495,46.005,54.001,100,0,0
1,46.732,45.707,51.032,43.301,54.556,0,1
1,15.272,57.926,39.201,54.458,0,1,1
1,35.03,51.578,25.735,31.054,0,1,0
0,63.464,47.777,47.149,42.452,31.175,0,1
1,62.123,56.836,67,56.553,25.674,0,1
1,72.391,53.319,49.658,35.736,0,1,0
1,70.067,59.923,37.915,38.251,72.742,0,1
0,31.843,49.968,28.385,35.644,0,1,0
1,69.005,44.042,91.825,34.437,0,1,1
1,68.193,63.062,24.086,21.937,0,1,0
0,56.391,22.664,54.238,58.264,19.839,0,1
1,59.561,0,35.643,70.402,0,1,1
1,45.557,58.105,72.72,57.242,0,1,1
0,24.787,64.208,83.568,48.4,0,1,0
0,41.228,55.357,49.05,53.327,29.097,0,1
0,48.588,47.152,81.14,36.776,0,1,0
0,75.286,63.834,57.651,69.12,0,1,0
1,14.787,44.949,73.654,36.904,0,1,0
1,24.581,48.497,57.818,34.214,0,1,0
1,30.826,55.927,32.142,54.212,0,1,0
0,51.293,65.918,38.554,42.573,77.021,0,1
1,42.474,48.817,77.295,34.34,0,0,0
1,76.32,43.72,63.245,53.821,0,1,1
1,79.191,52.307,34.111,34.911,0,1,1
0,53.777,54.736,63.161,100,0,1,1
0,32.571,61.783,63.019,100,15.588,0,0
1,38.004,56.559,92.445,32.054,0,1,1
1,74.651,67.957,40.701,45.336,0,1,1
0,47.319,64.667,68.368,51.475,58.193,0,1
1,30.358,35.864,100,48.876,22.971,0,1
1,27.196,34.456,48.059,32.793,0,0,1
1,43.917,53.175,70.286,31.658,54.556,0,1
0,41.167,35.617,45.411,43.874,0,1,1
1,50.324,50.042,45.253,44.345,22.971,0,0
1,67.504,71.17,42.329,29.212,0,1,1
1,17.254,52.109,38.396,39.682,0,1,0
1,80.617,61.496,39.248,53.918,58.193,0,1
1,38.799,36.802,42.628,49.368,100,0,1
0,61.738,61.58,86.784,71.78,0,0,1
1,10.683,46.606,48.61,24.959,0,1,0
1,51.445,57.062,56.152,29.94,0,1,1
0,22.997,44.052,34.873,60.937,0,1,1
1,39.846,10.316,55.792,3.532,87.29,0,1
1,33.065,33.077,33.012,13.954,0,1,1
1,37.516,15.124,62.277,31.159,64.184,0,1
1,61.738,47.576,55.775,49.618,0,1,1
0,51.445,32.511,100,41.974,19.839,0,1
0,60.439,33.552,20.867,23.73,0,0,1
0,67.525,48.608,45.446,66.657,0,1,1
1,76.235,61.361,33.031,84.286,0,1,1
1,23.027,80.307,41.805,77.028,31.175,0,1
0,34.564,40.111,66.275,49.843,0,1,0
1,57.212,12.478,38.064,52.696,0,0,0
0,32.907,50.58,100,100,39.677,0,1
0,75.28,60.857,48.305,34.476,0,1,0
0,69.005,56.213,49.564,51.593,36.371,0,1
0,16.61,49.854,46.494,58.242,0,1,0
0,58.961,57.876,36.86,42.851,0,1,1
1,68.789,43.767,33.008,39.685,0,1,0
1,7.15,67.312,44.009,61.386,0,1,0
0,57.043,62.364,50.871,73.913,0,1,1
0,86.865,39.359,38.103,27.054,81.835,0,1
1,55.111,58.608,30.327,36.046,0,1,1
1,57.59,10.77,11.954,28.819,25.674,0,1
1,43.688,61.612,42.521,86.613,0,1,0
1,61.465,40.524,41.984,17.546,100,0,1
0,0,49.479,69.801,34.338,0,0,1
1,45.165,58.96,30.453,38.272,0,1,0
1,38.004,58.99,52.791,40.96,60.2,0,1
1,75.286,79.357,70.398,74.115,39.677,0,1
1,42.474,47.22,88.198,41.627,0,1,1
1,56.131,57.235,66.947,49.764,62.35,0,1
0,84.988,36.799,50.462,25.192,29.097,0,1
0,21.151,59.39,36.933,100,0,1,1
0,42.495,21.54,25.765,35.692,56.928,0,1
1,71.514,44.763,32.699,29.54,65.468,0,0
0,65.706,54.609,44.371,59.475,0,1,1
1,100,54.265,66.85,40.115,72.742,0,1
1,73.65,44.365,53.745,52.825,0,0,1
0,33.664,38.686,57.25,25.745,0,1,0
0,53.986,63.06,100,62.582,0,1,1
1,0,34.076,61.094,45.753,0,1,1
1,30.59,32.773,59.689,56.619,31.175,0,1
0,80.059,71.381,39.32,59.261,0,1,1
0,35.868,71.877,35.86,62.959,0,1,0
0,69.7,76.07,79.129,45.652,100,0,0
0,37.173,31.525,32.969,22.244,0,1,1
0,45.475,66.439,33.017,78.22,0,1,1
0,46.688,48.435,47.434,52.499,0,1,1
1,36.202,61.671,44.208,64.835,20.783,0,1
1,66.388,0,32.882,21.368,48.495,0,1
1,55.795,45.606,78.565,58.719,0,1,1
1,69.422,49.163,30.829,71.007,33.573,0,0
0,58.567,52.605,39.5,76.684,0,1,1
1,54.309,38.398,43.563,36.193,33.573,0,1
1,63.735,29.801,26.651,70.374,20.783,0,1
1,48.384,43.696,49.004,64.859,0,1,1
1,45.429,43.646,32.73,35.763,0,0,1
0,47.342,17.311,58.852,49.489,67.146,0,1
1,62.83,60.394,81.851,61.453,0,1,0
1,36.142,66.157,23.798,45.851,15.05,0,1
0,46.784,4.372,49.403,30.619,0,1,0
0,41.973,27.435,26.631,30.074,29.097,0,1
1,66.388,46.042,70.599,73.544,0,1,1
1,35.084,75.007,73.463,45.806,0,1,0
1,39.524,43.546,12.671,61.826,0,0,1
1,49.814,44.257,18.278,24.009,12.124,0,1
1,23.112,17.322,38.944,22.624,54.556,0,0
0,33.135,68.917,24.402,38.495,0,1,0
1,71.406,43.261,41.91,49.1,69.832,0,1
1,51.445,50.243,30.424,89.661,0,1,1
1,11.115,64.911,52.536,41.243,0,1,0
0,73.7,67.72,41.279,88.435,0,1,0
0,45.688,48.971,51.391,34.318,0,1,0
1,61.993,46.996,29.782,34.815,0,1,0
0,70.284,54.03,37.314,60.473,0,1,1
1,17.254,48.427,77.267,29.568,0,0,1
0,50.324,50.767,70.605,46.843,0,1,0
0,53.603,62.795,63.869,61.26,33.573,0,1
0,69.422,43.245,27.735,55.993,0,1,0
0,69.98,80.683,63.157,66.845,0,1,0
1,74.106,44.394,55.203,48.446,29.097,0,1
1,68.75,56.34,37.202,64.699,0,1,0
1,28.812,53.176,59.188,47.768,72.742,0,0
1,38.004,56.07,76.997,24.068,0,1,0
1,51.632,46.677,73.499,23.832,0,1,1
0,38.417,74.047,49.881,74.921,0,1,1
1,65.706,13.057,28.55,34.619,0,1,1
0,53.389,60.946,95.863,48.597,0,1,1
1,63.66,63.932,55.495,34.272,0,1,1
1,46.871,49.273,59.162,73.073,0,1,1
0,39.509,41.554,48.225,35.083,0,0,0
0,40.807,58.419,26.081,40.142,0,1,1
1,52.749,52.685,64.087,35.017,29.097,0,1
1,47.097,69.897,39.889,32.553,100,0,1
1,55.566,41.592,65.268,100,58.193,0,1
1,73.7,68.804,34.077,30.618,100,0,1
0,19.515,56.648,64.268,67.863,0,0,1
0,43.139,63.872,22.649,54.792,0,1,1
1,44.947,37.355,19.472,55.887,12.837,0,0
0,53.073,27.009,98.282,35.005,0,1,1
1,63.66,45.93,61.638,60.456,0,1,1
1,33.253,63.082,66.643,52.011,0,1,1
0,75.411,59.393,100,45.832,27.278,0,1
1,38.824,21.191,100,70.094,0,1,1
0,56.009,68.053,38.012,60.513,72.742,0,1
1,37.776,44.908,56.989,39.694,58.193,0,1
0,74.651,56.146,58.627,74.158,0,1,0
0,64.09,7.606,51.548,50.37,24.247,0,1
1,57.48,31.474,65.712,25.912,45.942,0,0
1,77.086,87.17,50.476,66.76,72.742,0,1
0,53.777,40.388,37.184,46.459,0,1,1
0,34.875,52.751,33.119,25.788,100,0,1
1,51.445,73.638,49.782,63.699,0,1,1
1,23.001,57.408,15.08,93.57,0,1,1
0,55.566,68.822,39.647,13.911,45.942,0,1
0,31.98,56.139,75.954,41.56,0,1,0
0,40.775,49.856,24.758,51.387,0,1,1
0,62.912,71.617,42.361,66.248,0,1,0
1,24.535,35.696,0,28.071,31.175,0,1
0,37.776,66.771,38.238,50.695,100,0,1
1,28.631,52.39,39.345,71.759,47.184,0,1
1,51.445,45.983,51.98,65.612,0,1,1
0,67.91,51.364,74.642,63.574,0,1,1
1,54.295,23.87,100,46.344,41.567,0,1
1,15.235,0,90.131,54.908,0,1,1
1,53.34,55.806,28.074,53.398,54.556,0,1
1,54.612,65.226,76.047,67.53,43.645,0,1
1,48.679,45.502,68.368,100,100,0,0
0,62.834,59.354,42.522,57.707,0,1,1
0,63.211,60.023,66.781,27.019,0,1,1
1,50.122,56.378,36.857,15.482,68.913,0,1
1,52.797,44.81,75.315,43.749,0,1,1
0,45.071,69.614,57.998,52.327,67.146,0,1
0,48.447,47.412,58.307,33.308,100,0,1
0,0,26.461,31.874,53.566,0,1,1
1,28.259,57.951,67.634,82.8,10.15,0,1
0,75.28,33.639,100,11.24,0,1,0
0,25.881,37.934,45.325,29.77,0,1,0
0,50.324,38.965,50.41,18.556,0,1,1
0,63.735,53.256,42.263,39.057,87.29,0,1
0,74.456,38.631,71.758,51.708,0,0,1
0,56.085,41.422,71.074,48.861,0,1,1
1,64.084,92.339,39.776,83.286,0,1,1
0,64.288,0,31.807,47.916,0,1,0
0,34.853,16.126,60.469,28.64,0,0,1
0,67.525,44.545,34.236,33.878,0,1,0
0,46.871,62.003,46.689,60.525,0,1,0
1,36.1,58.07,72.642,49.798,0,1,0
0,51.345,59.587,40.675,32.019,0,1,1
1,74.456,15.001,22.041,17.813,0,1,1
0,65.321,58.312,38.729,100,90.3,0,1
0,53.66,63.586,45.291,67,0,1,1
0,64.084,23.775,77.032,68.803,0,1,1
0,56.921,26.374,57.109,38.213,31.175,0,1
1,67.91,53.381,31.582,30.055,0,1,1
1,39.963,51.434,52.66,45.743,0,1,0
0,67.133,49.75,34.331,93.451,0,0,1
0,60.267,57.426,22.087,61.495,0,1,0
1,51.315,23.451,53.408,37.129,24.247,0,1
0,67.504,70.854,59.64,63.194,0,1,0
0,29.413,64.577,27.662,58.097,100,0,1
0,35.951,61.144,94.077,61.566,0,1,0
0,69.975,71.285,53.297,53.469,33.573,0,1
1,7.15,55.242,30.635,23.442,72.742,0,0
1,18.176,28.455,45.846,36.917,0,1,1
1,47.738,0,36.541,1.573,29.097,0,1
0,50.028,34.416,55.612,10.803,0,1,1
1,66.888,49.111,47.789,47.528,65.468,0,1
1,77.025,52.502,50.755,44.766,0,1,1
1,61.993,62.143,82.975,49.877,0,1,1
0,16.335,68.835,54.919,50.135,0,1,1
1,32.981,44.361,44.43,18.811,0,1,1
0,50.175,55.24,29.737,36.882,0,1,0
0,50.012,39.405,71.33,50.23,0,1,0
1,28.506,59.773,51.104,94.176,0,1,1
1,49.431,38.36,48.405,21.251,27.278,0,1
0,38.883,59.808,73.041,36.512,0,1,1
0,50.012,62.061,52.387,41.817,0,0,1
0,58.834,55.089,84.165,61.777,0,1,0
1,73.65,41.193,56.624,82.887,51.347,0,1
1,19.983,45.128,32.763,23.434,100,0,1
1,65.76,58.985,42.409,80.44,62.35,0,1
0,72.479,5.207,38.616,32.758,0,0,1
1,63.211,58.881,46.954,55.855,0,0,0
0,50.121,61.235,30.072,49.188,100,0,0
1,73.7,70.262,42.708,60.327,51.347,0,1
1,53.66,68.15,57.874,80.085,0,1,1
0,40.938,41.545,56.417,56.51,0,0,0
0,58.798,70.379,56.187,59.841,0,1,1
1,49.675,57.41,78.703,53.934,0,1,0
0,27.203,67.959,36.34,58.057,0,0,1
0,28.631,43.039,55.522,39.08,31.175,0,1
1,53.145,65.305,31.166,57.014,48.495,0,1
0,66.662,45.12,100,33.336,27.278,0,1
1,48.285,68.06,47.575,60.217,0,0,1
1,14.787,0,57.58,42.124,0,1,0
1,63.822,40.316,37.98,41.967,0,0,0
1,49.207,26.931,96.568,12.102,0,1,0
0,55.669,54.069,38.863,41.864,0,0,1
0,38.435,67.27,74.829,75.172,51.347,0,1
0,7.15,54.631,92.142,60.597,33.573,0,1
0,32.981,72.217,61.347,70.957,0,1,1
0,38.67,54.459,56.156,83.557,0,0,1
1,80.954,50.909,36.957,33.745,0,1,1
0,23.523,41.281,49.585,38.029,0,1,1
1,44.928,48.323,59.45,65.059,0,1,0
1,51.445,78.639,42.393,68.642,0,1,1
0,66.779,30.644,31.75,24.842,39.677,0,1
1,17.946,72.428,34.992,38.617,31.175,0,0
0,53.145,74.88,49.065,71.682,62.35,0,1
1,0,80.393,50.933,44.062,0,1,1
1,74.826,64.596,53.842,38.42,0,1,1
0,78.173,47.195,83.484,40.816,0,1,1
1,51.445,27.313,66.187,0,0,1,1
0,30.039,50.478,28.125,20.517,0,1,0
0,26.152,53.637,100,37.633,0,1,0
1,42.414,53.524,32.781,58.639,0,1,1
0,54.629,52.913,34.579,45.253,0,1,1
0,62.123,51.353,66.341,45.244,0,0,0
1,35.639,61.682,30.635,51.839,0,1,1
1,52.789,20.615,38.857,24.002,0,1,0
1,59.93,53.917,31.972,45.064,18.185,0,0
1,24.6,30.825,62.199,86.606,0,1,0
1,83.393,57.494,39.962,37.736,54.556,0,1
1,43.848,0,30.286,51.206,51.347,0,1
0,63.347,58.097,27.821,34.089,100,0,0
1,78.89,75.16,100,61.72,31.175,0,1
1,35.084,51.782,74.109,27.246,0,1,0
1,55.303,43.622,28.302,15.033,0,1,0
1,15.272,60.407,55.298,15.178,0,1,1
0,49.791,61.443,44.915,28.955,0,1,1
1,41.193,68.949,41.164,47.883,43.645,0,1
1,59.509,27.236,39.174,42.359,0,1,1
0,55.566,47.328,100,30.528,58.193,0,1
1,84.068,53.986,68.324,59.028,0,1,1
0,53.276,43.37,48.114,43.248,0,1,1
1,75.653,44.47,33.559,50.374,31.175,0,1
0,0,24.429,57.781,49.628,48.495,0,1
1,75.345,51.85,37.694,71,0,1,1
0,81.841,50.994,55.69,48.919,100,0,1
0,43.688,54.234,56.53,63.235,0,1,0
1,45.013,47.137,33.945,51.643,0,0,1
0,57.229,69.568,100,36.581,0,1,0
1,60.321,18.017,45.282,34.928,0,0,1
1,46.719,67.938,64.237,97.457,39.677,0,1
0,52.789,56.59,41.407,63.701,0,0,1
1,69.147,38.749,66.682,50.285,0,0,0
0,56.921,55.641,46.338,38.862,72.742,0,1
1,58.093,38.477,38.399,75.307,31.175,0,1
1,21.944,36.577,70.237,16.279,31.175,0,1
1,53.276,33.349,48.441,46.402,0,1,1
1,61.768,72.294,73.922,100,0,1,0
1,24.581,52.545,24.515,39.931,0,1,1
0,43.139,44.563,25.805,59.187,0,1,1
1,38.11,65.776,47.275,53.382,0,1,0
0,71.271,48.069,31.849,46.275,0,0,0
0,45.419,65.904,39.113,34.699,0,0,1
0,36.081,75.741,41.745,52.686,100,0,1
0,84.179,65.015,57.553,60.024,25.674,0,1
1,79.741,61.441,45.857,45.971,0,1,1
0,35.117,77.09,36.339,55.051,92.58,0,1
1,16.89,53.434,52.608,53.867,0,1,1
1,58.589,53.787,44.509,56.496,31.175,0,1
0,60.746,71.596,57.527,52.548,0,0,1
1,23.027,68.352,39.458,40.846,93.525,0,1
0,73.636,57.797,76.55,69.203,0,1,1
1,21.944,58.409,40.306,68.637,36.371,0,1
0,41.193,67.099,29.431,55.497,87.29,0,1
0,58.589,50.031,49.17,34.019,0,1,0
1,30.713,46.493,58.434,29.158,0,1,1
1,51.445,44.747,51.255,52.411,31.175,0,0
0,14.218,63.743,35.323,75.221,0,1,1
0,62.83,37.714,54.773,25.502,0,1,1
0,47.738,35.716,100,31.143,0,1,0
0,64.597,48.055,73.815,47.116,0,1,1
1,53.936,58.308,16.702,50.543,83.134,0,1
1,70.067,35.749,39.494,70.101,36.371,0,1
1,59.544,44.746,52.187,28.475,0,0,1
0,40.258,61.521,29.678,31.973,0,0,1
0,36.924,62.776,42.521,56.705,54.556,0,1
0,71.874,21.935,45.183,76.064,0,1,0
0,42.495,39.337,83.044,11.956,0,1,0
1,46.688,32.287,23.582,15.974,0,1,1
1,48.668,64.985,71.388,61.286,0,0,1
1,23.374,44.971,18.695,92.627,93.525,0,1
1,48.862,89.505,38.036,35.296,0,1,0
1,72.479,7.464,36.221,35.153,68.913,0,1
1,71.874,33.342,44.941,23.986,0,1,1
0,42.436,49.218,27.436,55.873,0,1,1
1,61.958,58.63,66.424,82.429,0,1,1
0,53.603,43.92,68.237,46.055,0,1,0
0,59.241,55.513,29.838,60.377,62.35,0,0
1,69.749,32.409,24.631,17.226,0,0,0
1,54.188,70.291,22.84,36.296,0,0,1
0,31.843,61.582,49.188,47.324,0,1,0
1,57.229,62.045,54.492,30.159,0,1,1
1,56.197,54.932,100,45.904,0,1,1
1,24.6,63.579,47.539,50.821,0,1,1
0,51.124,42.358,46.792,48.38,31.175,0,1
1,74.106,82.706,35.818,77.019,23.592,0,1
0,58.358,0,100,34.809,0,1,0
1,49.791,24.971,51.74,53.078,58.193,0,1
0,66.342,69.767,58.904,81.449,0,1,1
0,25.311,41.278,25.336,52.818,0,1,0
0,50.837,48.424,40.676,29.188,18.976,0,1
0,48.718,65.639,40.404,40.258,0,1,1
0,67.756,20.909,44.187,26.981,58.193,0,1
0,41.454,22.05,83.032,78.342,0,1,0
1,32.571,53.32,100,74.642,0,1,0
0,82.179,69.781,98.782,36.971,0,1,0
1,33.065,42.083,75.495,34.204,0,1,0
0,58.834,46.88,46.233,27.393,58.193,0,1
0,56.782,55.371,33.261,60.446,67.146,0,1
0,73.948,58.731,82.719,45.663,100,0,1
0,64.461,69.094,38.635,71.633,0,0,1
0,58.884,64.434,41.518,68.981,0,1,0
1,43.849,66.61,23.927,56.944,0,0,1
0,58.822,59.357,41.567,64.067,0,1,0
1,59.794,67.14,43.174,45.857,81.835,0,1
1,36.081,36.668,53.564,57.228,54.556,0,1
1,28.276,55.73,79.982,44.844,0,1,0
1,59.241,44.65,48.126,37.564,40.917,0,0
1,44.928,51.171,33.441,53.349,0,1,1
1,51.445,78.968,24.371,77.193,0,1,1
1,51.445,31.656,68.245,30.771,22.971,0,1
1,69.511,49.589,65.794,20.729,0,0,1
0,74.077,17.116,67.328,30.933,0,1,1
1,65.627,70.793,27.547,43.646,0,0,1
1,46.057,56.081,49.776,34.748,0,1,1
0,42.495,36.466,17.433,24.836,0,1,1
0,23.932,68.746,46.606,33.012,49.722,0,0
0,64.288,46.878,30.362,53.501,0,0,1
1,49.857,58.949,55.767,35.828,0,1,1
0,83.599,59.466,27.645,41.528,100,0,1
0,13.065,58.969,50.866,27.594,0,0,0
0,12.198,67.395,96.959,63.772,0,1,1
1,95.479,25.287,20.062,59.412,0,0,1
1,45.248,12.55,55.091,56.835,81.835,0,1
0,41.009,57.809,44.331,56.089,0,1,1
0,75.93,65.639,85.352,36.54,0,1,1
0,48.718,63.205,57.401,100,0,1,0
1,64.202,56.971,19.594,35.287,0,0,1
0,56.627,48.879,70.342,52.926,31.175,0,1
0,64.947,10.553,33.412,21.723,0,1,1
0,24.581,10.028,50.618,38.724,0,1,1
1,36.864,65.349,55.091,28.494,87.29,0,1
1,70.849,43.522,61.88,37.808,0,1,0
1,67.09,38.296,45.241,22.266,29.097,0,1
0,22.871,58.157,46.469,42.032,0,0,1
0,63.943,0,28.669,23.968,0,1,1
0,24.58,73.127,83.925,51.506,0,1,0
1,42.977,0,52.307,52.341,43.645,0,1
1,19.225,52.564,39.519,42.113,0,1,0
1,23.489,20.424,34.317,25.693,30.45,0,1
1,48.766,22.526,17.526,29.896,58.193,0,1
0,74.623,68.546,42.92,58.187,0,0,1
1,71.512,41.055,61.344,30.671,0,1,1
1,31.471,75.532,43.304,51.136,0,1,1
1,23.374,37.343,53.719,75.597,0,1,0
1,31.843,31.326,32.68,42.722,26.452,0,0
1,48.098,49.784,86.841,35.684,0,1,0
1,63.236,51.686,53.222,74.032,58.193,0,1
0,63.347,52.47,56.957,47.046,0,1,0
1,22.142,56.258,22.531,34.605,52.374,0,1
1,68.208,68.565,42.788,55.272,16.787,0,0
0,67.388,40.597,40.038,34.301,0,0,1
1,26.588,40.067,70.881,43.929,0,1,0
1,38.125,51.146,70.971,52.315,14.548,0,0
0,46.954,45.914,63.73,78.158,0,1,0
0,63.386,61.339,100,39.695,0,1,0
1,58.031,46.007,38.652,34.698,27.278,0,1
0,71.406,40.852,38.238,16.308,27.278,0,1
0,47.115,55.768,57.89,48.214,0,0,1
1,56.009,34.839,64.005,50.69,0,1,0
1,32.479,53.944,58.274,56.528,37.41,0,0
0,28.836,49.427,48.239,62.801,0,1,1
0,16.89,65.878,89.092,59.707,0,1,1
0,79.632,44.168,27.703,51.861,58.193,0,1
0,56.399,58.452,84.177,62.304,0,1,1
0,46.645,68.199,60.248,92.793,0,1,1
1,95.011,48.204,59.322,59.078,49.88,0,0
0,64.699,0,32.587,60.375,100,0,1
0,62.53,29.769,32.135,9.669,0,0,1
1,51.445,68.354,48.321,47.946,0,1,1
1,19.983,43.177,45.007,45.461,0,1,1
0,48.862,70.226,43.067,61.315,87.29,0,1
0,80.173,58.653,51.924,58.001,0,1,1
1,63.791,45.585,51.328,37.619,0,0,0
1,64.868,61.156,23.905,70.406,81.835,0,0
1,60.465,57.129,49.762,66.02,29.097,0,0